[
    {
        "id":1,
        "image":"/nft01.jpg",
        "description":"SKLL is unique digital collectibles on the Ethereum blockchain."
    },
    {
        "id":2,
        "image":"/nft02.jpg",
        "description":"SKLL is unique digital collectibles on the Ethereum blockchain."
    },
    {
        "id":3,
        "image":"/nft03.jpg",
        "description":"SKLL is unique digital collectibles on the Ethereum blockchain."
    },
    {
        "id":4,
        "image":"/nft04.jpg",
        "description":"SKLL is unique digital collectibles on the Ethereum blockchain."
    },
    {
        "id":5,
        "image":"/nft05.jpg",
        "description":"SKLL is unique digital collectibles on the Ethereum blockchain."
    }
    
]